중심 문양,연관 문양,빈도수
소나무,새,3
소나무,사슴,7
소나무,폭포,21
소나무,동자,3
소나무,버드나무,10
소나무,괴석,6
소나무,구름,3
소나무,벼,1
소나무,개,3
소나무,고양이,2
소나무,난초,4
소나무,농사,2
소나무,학,10
소나무,대나무,6
소나무,신선,7
소나무,말,6
소나무,배,11
소나무,악기,3
소나무,서예,3
소나무,당나귀,7
소나무,소,6
소나무,제비,1
소나무,닭,2
소나무,노동,2
소나무,기우,3
소나무,독서,2
소나무,모란,3
소나무,물결,3
소나무,나무,2
소나무,해,1
소나무,호랑이,1
소나무,기마,2
소나무,까치,3
소나무,석류,2
소나무,다람쥐,1
소나무,포도,2
소나무,달,5
소나무,매화,2
소나무,참새,2
소나무,불로초,2
소나무,게,1
소나무,복숭아나무,1
소나무,거위,1
소나무,오리,2
소나무,갈대,2
소나무,매,2
소나무,국화,4
소나무,연꽃,3
소나무,단풍나무,1
소나무,겨울,1
소나무,봄,1
소나무,낚시,2
소나무,기려,4
소나무,귀신,1
소나무,토끼,1
소나무,꿩,1
소나무,원숭이,2
소나무,승려,2
소나무,바위,2
소나무,밤,1
소나무,무,1
소나무,파초,2
소나무,수국,1
소나무,꽃,2
소나무,놀이,1
괴석,꽃,5
괴석,새,5
괴석,학,7
괴석,달,7
괴석,버드나무,3
괴석,소나무,6
괴석,구름,3
괴석,벼,1
괴석,개,7
괴석,고양이,3
괴석,난초,6
괴석,농사,2
괴석,사슴,4
괴석,대나무,6
괴석,악기,1
괴석,서예,3
괴석,잠자리,1
괴석,연꽃,5
괴석,곤충,1
괴석,말,5
괴석,호랑이,1
괴석,소,2
괴석,기마,2
괴석,독서,1
괴석,참새,2
괴석,오리,3
괴석,갈대,2
괴석,매,3
괴석,국화,7
괴석,단풍나무,1
괴석,신선,3
괴석,게,2
괴석,물결,2
괴석,배,1
괴석,나비,1
괴석,메뚜기,1
괴석,무,2
괴석,채소,1
괴석,인삼,1
괴석,연과,1
괴석,가지,1
괴석,조개,1
괴석,과일,1
괴석,폭포,1
괴석,토끼,2
괴석,모란,3
괴석,매화,4
괴석,불로초,1
괴석,해,1
괴석,원숭이,1
괴석,복숭아,1
괴석,제비,1
괴석,백로,1
괴석,닭,1
괴석,파초,1
괴석,수국,1
괴석,포도,1
괴석,석류,1
괴석,까치,1
괴석,놀이,1
괴석,매미,1
괴석,바위,1
괴석,여름,1
폭포,사슴,1
폭포,소나무,21
폭포,동자,2
폭포,매화,3
폭포,새,2
폭포,학,3
폭포,대나무,1
폭포,신선,2
폭포,말,1
폭포,배,8
폭포,악기,2
폭포,닭,1
폭포,나무,1
폭포,국화,1
폭포,꽃,1
폭포,달,1
폭포,소,1
폭포,기우,1
폭포,봄,1
폭포,해,1
폭포,버드나무,5
폭포,당나귀,4
폭포,기려,4
폭포,낚시,2
폭포,물결,1
폭포,귀신,1
폭포,토끼,2
폭포,매,2
폭포,꿩,1
폭포,까치,1
폭포,괴석,1
폭포,바위,1
매화,새,6
매화,폭포,3
매화,난초,5
매화,연꽃,2
매화,백합,1
매화,작약,1
매화,제비,2
매화,꽃,3
매화,까치,2
매화,석류,2
매화,다람쥐,1
매화,포도,2
매화,달,4
매화,대나무,5
매화,소나무,2
매화,물결,1
매화,학,4
매화,참새,5
매화,불로초,2
매화,게,1
매화,사슴,2
매화,독서,1
매화,배,2
매화,매화서옥,5
매화,메뚜기,1
매화,동자,2
매화,소,1
매화,기우,1
매화,모란,2
매화,무궁화,1
매화,나비,1
매화,붓꽃,1
매화,장미,1
매화,가지,1
매화,배꽃,1
매화,신선,2
매화,거위,1
매화,겨울,1
매화,바위,1
매화,괴석,4
매화,국화,4
매화,원숭이,1
매화,고양이,1
매화,말,1
매화,개,2
매화,복숭아,1
매화,백로,1
매화,물짐승,1
매화,낚시,1
신선,용,2
신선,악기,6
신선,학,1
신선,대나무,2
신선,소나무,7
신선,폭포,2
신선,말,1
신선,배,1
신선,동자,9
신선,사슴,3
신선,염소,2
신선,인물,1
신선,달,2
신선,소,2
신선,기우,1
신선,복숭아,1
신선,물결,5
신선,당나귀,1
신선,구름,4
신선,두꺼비,1
신선,놀이,2
신선,박쥐,2
신선,뱀,1
신선,귀신,1
신선,괴석,3
신선,게,1
신선,개구리,1
신선,나비,1
신선,메뚜기,1
신선,국화,1
신선,무,1
신선,매화,2
신선,거위,1
신선,파초,2
신선,물짐승,1
신선,낚시,1
신선,곤충,1
배,물고기,1
배,물새,2
배,노동,1
배,소,2
배,말,3
배,학,3
배,대나무,2
배,소나무,11
배,신선,1
배,폭포,8
배,악기,2
배,버드나무,8
배,매화,2
배,독서,1
배,매화서옥,1
배,복숭아나무,1
배,달,3
배,봄,1
배,당나귀,4
배,기려,3
배,기마,1
배,낚시,1
배,물결,2
배,괴석,1
배,여름,1
배,바위,2
버드나무,소나무,10
버드나무,괴석,3
버드나무,구름,1
버드나무,벼,1
버드나무,개,5
버드나무,고양이,2
버드나무,난초,1
버드나무,농사,3
버드나무,소,5
버드나무,기우,2
버드나무,제비,2
버드나무,닭,3
버드나무,노동,2
버드나무,당나귀,6
버드나무,배,8
버드나무,봄,1
버드나무,낚시,1
버드나무,용,1
버드나무,놀이,1
버드나무,해,1
버드나무,폭포,5
버드나무,말,7
버드나무,기마,3
버드나무,기려,3
버드나무,여름,2
버드나무,대나무,1
버드나무,달,3
버드나무,파초,2
버드나무,학,1
버드나무,새,2
버드나무,국화,1
버드나무,수국,1
버드나무,사슴,1
버드나무,연꽃,1
버드나무,오리,1
버드나무,꽃,2
버드나무,갈대,1
버드나무,나비,1
버드나무,참새,1
버드나무,매미,1
버드나무,바위,1
대나무,학,5
대나무,소나무,6
대나무,신선,2
대나무,폭포,1
대나무,말,1
대나무,배,2
대나무,악기,5
대나무,괴석,6
대나무,사슴,2
대나무,구름,1
대나무,서예,1
대나무,난초,6
대나무,모란,2
대나무,까치,2
대나무,석류,2
대나무,다람쥐,1
대나무,포도,2
대나무,달,3
대나무,매화,5
대나무,물결,1
대나무,참새,3
대나무,불로초,2
대나무,게,1
대나무,동자,1
대나무,놀이,1
대나무,개,1
대나무,오리,1
대나무,갈대,1
대나무,매,1
대나무,국화,4
대나무,연꽃,2
대나무,단풍나무,1
대나무,고슴도치,1
대나무,나비,1
대나무,새,2
대나무,꽃,2
대나무,당나귀,1
대나무,겨울,1
대나무,버드나무,1
대나무,독서,2
새,소나무,3
새,괴석,5
새,꽃,14
새,매화,6
새,폭포,2
새,매,3
새,백로,2
새,오리,5
새,학,3
새,해,1
새,국화,5
새,단풍나무,1
새,난초,4
새,연꽃,4
새,백합,1
새,작약,1
새,제비,3
새,고슴도치,1
새,나비,2
새,대나무,2
새,당나귀,1
새,모란,3
새,목련,1
새,잠자리,1
새,물고기,2
새,사슴,4
새,게,2
새,까치,3
새,닭,2
새,원숭이,2
새,복숭아,2
새,개,5
새,고양이,3
새,까마귀,1
새,곤충,2
새,기러기,1
새,꿩,1
새,개구리,1
새,병아리,1
새,열매,1
새,낚시,1
새,참새,1
새,말,3
새,달,2
새,파초,1
새,수국,1
새,버드나무,2
새,갈대,1
새,포도,1
새,석류,1
새,소,1
새,매미,1
새,바위,1
새,농사,1
새,여름,1
꽃,괴석,5
꽃,새,14
꽃,해,1
꽃,오리,4
꽃,국화,6
꽃,단풍나무,1
꽃,난초,5
꽃,매화,3
꽃,연꽃,5
꽃,백합,1
꽃,작약,1
꽃,제비,3
꽃,잠자리,1
꽃,곤충,4
꽃,고슴도치,1
꽃,나비,6
꽃,대나무,2
꽃,당나귀,1
꽃,폭포,1
꽃,까치,4
꽃,매미,1
꽃,모란,4
꽃,등나무,1
꽃,무궁화,1
꽃,붓꽃,1
꽃,장미,1
꽃,가지,2
꽃,배꽃,1
꽃,게,3
꽃,채소,1
꽃,인삼,1
꽃,연과,1
꽃,무,1
꽃,조개,1
꽃,과일,1
꽃,닭,4
꽃,사슴,3
꽃,매,2
꽃,원숭이,1
꽃,복숭아,1
꽃,개,3
꽃,고양이,2
꽃,까마귀,1
꽃,기러기,1
꽃,꿩,1
꽃,물고기,1
꽃,개구리,1
꽃,병아리,1
꽃,열매,1
꽃,파초,2
꽃,학,2
꽃,소나무,2
꽃,수국,1
꽃,달,2
꽃,말,2
꽃,버드나무,2
꽃,갈대,1
꽃,포도,2
꽃,석류,1
꽃,참새,1
꽃,다람쥐,1
난초,버드나무,1
난초,소나무,4
난초,괴석,6
난초,구름,1
난초,벼,1
난초,개,2
난초,고양이,1
난초,농사,1
난초,새,4
난초,꽃,5
난초,매화,5
난초,연꽃,4
난초,백합,1
난초,작약,1
난초,제비,1
난초,대나무,6
난초,학,2
난초,참새,1
난초,오리,1
난초,갈대,1
난초,달,1
난초,매,1
난초,국화,6
난초,단풍나무,1
난초,고슴도치,1
난초,나비,3
난초,당나귀,1
난초,말,1
난초,소,1
난초,기우,1
난초,게,1
난초,채소,1
난초,인삼,1
난초,연과,1
난초,가지,1
난초,무,1
난초,조개,1
난초,과일,1
난초,불로초,1
난초,포도,1
난초,모란,1
난초,석류,1
난초,까치,1
달,괴석,7
달,학,5
달,말,5
달,소,2
달,기마,2
달,신선,2
달,동자,2
달,사슴,4
달,염소,1
달,인물,1
달,악기,2
달,참새,5
달,가을,1
달,독서,2
달,까치,1
달,석류,1
달,다람쥐,1
달,포도,1
달,대나무,3
달,매화,4
달,소나무,5
달,물결,2
달,불로초,1
달,게,1
달,기러기,4
달,갈대,6
달,배,3
달,개,6
달,난초,1
달,오리,3
달,매,2
달,국화,3
달,연꽃,2
달,단풍나무,1
달,폭포,1
달,기우,1
달,구름,1
달,버드나무,3
달,바위,1
달,해,1
달,서예,1
달,새,2
달,원숭이,1
달,고양이,2
달,복숭아,1
달,제비,2
달,백로,1
달,닭,2
달,파초,2
달,수국,1
달,꽃,2
달,나비,1
말,소,9
말,닭,3
말,기마,14
말,기우,4
말,배,3
말,달,5
말,학,4
말,대나무,1
말,소나무,6
말,신선,1
말,폭포,1
말,악기,1
말,매,1
말,기러기,2
말,노동,2
말,당나귀,2
말,까치,1
말,농사,2
말,호랑이,1
말,사슴,3
말,괴석,5
말,버드나무,7
말,사냥,1
말,난초,1
말,오리,2
말,해,1
말,서예,1
말,새,3
말,참새,2
말,국화,2
말,원숭이,1
말,고양이,2
말,매화,1
말,개,5
말,복숭아,1
말,제비,2
말,백로,1
말,파초,2
말,수국,1
말,연꽃,1
말,꽃,2
말,갈대,1
말,나비,1
말,매미,1
말,바위,1
말,여름,1
소,말,9
소,닭,2
소,기마,5
소,기우,8
소,배,2
소,농사,4
소,달,2
소,물새,1
소,신선,2
소,동자,2
소,버드나무,5
소,소나무,6
소,제비,1
소,노동,3
소,당나귀,2
소,까치,1
소,기러기,1
소,학,3
소,사슴,2
소,호랑이,1
소,괴석,2
소,폭포,1
소,매화,1
소,난초,1
소,개,2
소,여름,2
소,매미,1
소,새,1
소,바위,1
학,괴석,7
학,달,5
학,대나무,5
학,소나무,10
학,신선,1
학,폭포,3
학,말,4
학,배,3
학,악기,3
학,사슴,5
학,구름,1
학,서예,1
학,새,3
학,매,2
학,백로,1
학,오리,3
학,당나귀,1
학,소,3
학,까치,3
학,기러기,1
학,기마,2
학,농사,1
학,노동,1
학,호랑이,1
학,석류,2
학,다람쥐,1
학,포도,2
학,매화,4
학,물결,2
학,참새,2
학,불로초,1
학,게,1
학,개,2
학,난초,2
학,갈대,2
학,국화,3
학,연꽃,3
학,단풍나무,1
학,닭,1
학,파초,1
학,고양이,1
학,수국,1
학,버드나무,1
학,꽃,2
학,불보살,1
학,모란,1
국화,해,1
국화,오리,4
국화,새,5
국화,꽃,6
국화,단풍나무,2
국화,개,5
국화,난초,6
국화,괴석,7
국화,소나무,4
국화,학,3
국화,참새,2
국화,대나무,4
국화,갈대,2
국화,달,3
국화,매,2
국화,연꽃,4
국화,폭포,1
국화,나비,2
국화,고양이,3
국화,모란,3
국화,잠자리,1
국화,신선,1
국화,메뚜기,1
국화,구름,1
국화,무,4
국화,석류,2
국화,밤,2
국화,게,2
국화,채소,1
국화,인삼,1
국화,연과,1
국화,가지,1
국화,조개,1
국화,과일,1
국화,까치,2
국화,닭,2
국화,원숭이,2
국화,복숭아,2
국화,매화,4
국화,불로초,1
국화,말,2
국화,사슴,2
국화,제비,1
국화,백로,1
국화,파초,1
국화,수국,1
국화,버드나무,1
국화,포도,1
당나귀,소나무,7
당나귀,소,2
당나귀,버드나무,6
당나귀,노동,2
당나귀,신선,1
당나귀,물결,1
당나귀,염소,1
당나귀,말,2
당나귀,까치,1
당나귀,기러기,1
당나귀,학,1
당나귀,기마,2
당나귀,농사,1
당나귀,기려,10
당나귀,고슴도치,1
당나귀,나비,1
당나귀,대나무,1
당나귀,새,1
당나귀,꽃,1
당나귀,난초,1
당나귀,겨울,2
당나귀,폭포,4
당나귀,배,4
모란,소나무,3
모란,대나무,2
모란,나비,4
모란,매미,1
모란,등나무,1
모란,꽃,4
모란,무궁화,1
모란,매화,2
모란,붓꽃,1
모란,장미,1
모란,가지,2
모란,배꽃,1
모란,국화,3
모란,고양이,2
모란,목련,1
모란,새,3
모란,개,1
모란,사슴,1
모란,게,1
모란,오리,1
모란,까마귀,1
모란,곤충,1
모란,매,1
모란,기러기,1
모란,꿩,1
모란,까치,2
모란,괴석,3
모란,밤,2
모란,무,2
모란,배추,1
모란,열매,1
모란,포도,1
모란,난초,1
모란,학,1
모란,석류,1
모란,연꽃,1
개,버드나무,5
개,소나무,3
개,괴석,7
개,구름,1
개,벼,1
개,고양이,5
개,난초,2
개,농사,2
개,학,2
개,참새,4
개,대나무,1
개,오리,3
개,갈대,2
개,달,6
개,매,2
개,국화,5
개,연꽃,2
개,단풍나무,1
개,소,2
개,여름,2
개,모란,1
개,사슴,4
개,게,1
개,까마귀,1
개,곤충,1
개,새,5
개,꽃,3
개,기러기,1
개,꿩,1
개,까치,1
개,원숭이,2
개,매화,2
개,말,5
개,복숭아,2
개,제비,3
개,백로,2
개,닭,2
개,파초,2
개,수국,1
개,나비,1
개,매미,1
개,바위,1
매,말,1
매,기마,1
매,새,3
매,백로,1
매,오리,4
매,학,2
매,해,3
매,구름,2
매,개,2
매,난초,1
매,괴석,3
매,소나무,2
매,참새,2
매,대나무,1
매,갈대,1
매,달,2
매,국화,2
매,연꽃,1
매,단풍나무,1
매,토끼,3
매,폭포,2
매,꿩,2
매,까치,3
매,게,2
매,닭,1
매,원숭이,1
매,꽃,2
매,복숭아,1
매,모란,1
매,고양이,1
매,사슴,1
매,까마귀,1
매,곤충,1
매,기러기,1
기마,소,5
기마,말,14
기마,닭,1
기마,기우,2
기마,달,2
기마,매,1
기마,기러기,2
기마,당나귀,2
기마,까치,1
기마,학,2
기마,농사,1
기마,노동,1
기마,소나무,2
기마,호랑이,1
기마,사슴,1
기마,괴석,2
기마,버드나무,3
기마,배,1
기마,기려,1
기마,사냥,1
기마,오리,1
기마,해,1
기마,서예,1
동자,불로초,1
동자,악기,3
동자,사슴,2
동자,소나무,3
동자,폭포,2
동자,신선,9
동자,염소,1
동자,인물,1
동자,달,2
동자,소,2
동자,기우,2
동자,복숭아,1
동자,물결,1
동자,구름,1
동자,대나무,1
동자,놀이,1
동자,매화,2
동자,가을,1
동자,거위,1
동자,파초,2
악기,동자,3
악기,불로초,2
악기,신선,6
악기,학,3
악기,대나무,5
악기,소나무,3
악기,폭포,2
악기,말,1
악기,배,2
악기,괴석,1
악기,사슴,3
악기,구름,2
악기,서예,1
악기,염소,1
악기,인물,1
악기,달,2
악기,놀이,1
악기,독서,2
악기,곤충,1
기려,당나귀,10
기려,겨울,2
기려,폭포,4
기려,소나무,4
기려,버드나무,3
기려,배,3
기려,기마,1
노동,물고기,1
노동,물새,1
노동,배,1
노동,말,2
노동,소나무,2
노동,버드나무,2
노동,소,3
노동,제비,1
노동,닭,1
노동,농사,2
노동,기우,1
노동,당나귀,2
노동,까치,1
노동,기러기,1
노동,학,1
노동,기마,1
연꽃,매화,2
연꽃,새,4
연꽃,난초,4
연꽃,백합,1
연꽃,작약,1
연꽃,제비,1
연꽃,꽃,5
연꽃,괴석,5
연꽃,잠자리,2
연꽃,곤충,1
연꽃,개,2
연꽃,소나무,3
연꽃,학,3
연꽃,참새,1
연꽃,대나무,2
연꽃,오리,3
연꽃,갈대,2
연꽃,달,2
연꽃,매,1
연꽃,국화,4
연꽃,단풍나무,1
연꽃,백로,1
연꽃,게,1
연꽃,채소,1
연꽃,인삼,1
연꽃,연과,1
연꽃,가지,1
연꽃,무,1
연꽃,조개,1
연꽃,과일,1
연꽃,물고기,1
연꽃,닭,1
연꽃,파초,1
연꽃,고양이,1
연꽃,수국,1
연꽃,사슴,1
연꽃,말,1
연꽃,버드나무,1
연꽃,포도,1
연꽃,모란,1
연꽃,석류,1
연꽃,까치,1
나비,고슴도치,1
나비,대나무,1
나비,새,2
나비,꽃,6
나비,난초,3
나비,당나귀,1
나비,매미,1
나비,모란,4
나비,등나무,1
나비,무궁화,1
나비,매화,1
나비,붓꽃,1
나비,장미,1
나비,가지,1
나비,배꽃,1
나비,국화,2
나비,고양이,1
나비,괴석,1
나비,신선,1
나비,메뚜기,1
나비,구름,1
나비,무,1
나비,곤충,1
나비,물고기,1
나비,개구리,1
나비,병아리,1
나비,제비,2
나비,열매,1
나비,파초,1
나비,닭,1
나비,말,1
나비,개,1
나비,버드나무,1
나비,참새,1
나비,달,1
사슴,소나무,7
사슴,폭포,1
사슴,동자,2
사슴,괴석,4
사슴,학,5
사슴,대나무,2
사슴,구름,1
사슴,악기,3
사슴,서예,1
사슴,신선,3
사슴,염소,1
사슴,인물,1
사슴,달,4
사슴,소,2
사슴,말,3
사슴,호랑이,1
사슴,기마,1
사슴,까치,2
사슴,석류,1
사슴,다람쥐,1
사슴,포도,1
사슴,매화,2
사슴,물결,1
사슴,참새,2
사슴,불로초,1
사슴,게,2
사슴,꽃,3
사슴,새,4
사슴,개,4
사슴,모란,1
사슴,고양이,3
사슴,오리,2
사슴,까마귀,1
사슴,곤충,1
사슴,매,1
사슴,기러기,1
사슴,꿩,1
사슴,국화,2
사슴,원숭이,1
사슴,복숭아,1
사슴,제비,1
사슴,백로,1
사슴,닭,1
사슴,파초,1
사슴,수국,1
사슴,버드나무,1
사슴,연꽃,1
사슴,갈대,1
까치,말,1
까치,당나귀,1
까치,소,1
까치,기러기,2
까치,학,3
까치,기마,1
까치,농사,1
까치,노동,1
까치,참새,2
까치,석류,2
까치,다람쥐,1
까치,포도,2
까치,달,1
까치,대나무,2
까치,매화,2
까치,소나무,3
까치,물결,1
까치,불로초,1
까치,게,3
까치,사슴,2
까치,꽃,4
까치,토끼,1
까치,매,3
까치,폭포,1
까치,꿩,2
까치,오리,2
까치,닭,1
까치,원숭이,1
까치,새,3
까치,국화,2
까치,복숭아,1
까치,개,1
까치,모란,2
까치,고양이,1
까치,까마귀,1
까치,곤충,1
까치,괴석,1
까치,난초,1
까치,연꽃,1
참새,달,5
참새,까치,2
참새,석류,1
참새,다람쥐,1
참새,포도,1
참새,대나무,3
참새,매화,5
참새,소나무,2
참새,물결,1
참새,학,2
참새,불로초,1
참새,게,1
참새,사슴,2
참새,메뚜기,1
참새,개,4
참새,난초,1
참새,괴석,2
참새,오리,1
참새,갈대,1
참새,매,2
참새,국화,2
참새,연꽃,1
참새,단풍나무,1
참새,새,1
참새,원숭이,1
참새,고양이,1
참새,말,2
참새,복숭아,1
참새,제비,2
참새,백로,1
참새,꽃,1
참새,파초,1
참새,닭,1
참새,나비,1
참새,버드나무,1
물결,물새,1
물결,신선,5
물결,염소,1
물결,당나귀,1
물결,소나무,3
물결,동자,1
물결,구름,2
물결,까치,1
물결,석류,1
물결,다람쥐,1
물결,포도,1
물결,달,2
물결,대나무,1
물결,매화,1
물결,학,2
물결,참새,1
물결,불로초,1
물결,게,1
물결,사슴,1
물결,폭포,1
물결,배,2
물결,괴석,2
겨울,소나무,1
겨울,당나귀,2
겨울,기려,2
겨울,대나무,1
겨울,매화,1
겨울,매화서옥,2
겨울,꿩,1
오리,새,5
오리,매,4
오리,백로,1
오리,학,3
오리,해,2
오리,국화,4
오리,꽃,4
오리,단풍나무,2
오리,개,3
오리,난초,1
오리,괴석,3
오리,소나무,2
오리,참새,1
오리,대나무,1
오리,갈대,2
오리,달,3
오리,연꽃,3
오리,게,2
오리,까치,2
오리,닭,2
오리,원숭이,1
오리,복숭아,1
오리,모란,1
오리,고양이,2
오리,사슴,2
오리,까마귀,1
오리,곤충,1
오리,기러기,1
오리,꿩,1
오리,말,2
오리,기마,1
오리,서예,1
오리,파초,1
오리,수국,1
오리,버드나무,1
구름,버드나무,1
구름,소나무,3
구름,괴석,3
구름,벼,1
구름,개,1
구름,고양이,1
구름,난초,1
구름,농사,1
구름,학,1
구름,사슴,1
구름,대나무,1
구름,악기,2
구름,서예,1
구름,매,2
구름,해,2
구름,신선,4
구름,물결,2
구름,동자,1
구름,달,1
구름,바위,1
구름,나비,1
구름,메뚜기,1
구름,국화,1
구름,무,1
구름,곤충,1
구름,용,1
게,까치,3
게,석류,1
게,다람쥐,1
게,포도,1
게,달,1
게,대나무,1
게,매화,1
게,소나무,1
게,물결,1
게,학,1
게,참새,1
게,불로초,1
게,사슴,2
게,신선,1
게,괴석,2
게,난초,1
게,채소,1
게,인삼,1
게,연과,1
게,연꽃,1
게,가지,1
게,무,1
게,국화,2
게,조개,1
게,꽃,3
게,과일,1
게,매,2
게,오리,2
게,닭,1
게,원숭이,1
게,새,2
게,복숭아,1
게,개,1
게,모란,1
게,고양이,1
게,까마귀,1
게,곤충,1
게,기러기,1
게,꿩,1
게,물고기,1
닭,소,2
닭,말,3
닭,기마,1
닭,기우,2
닭,소나무,2
닭,버드나무,3
닭,제비,2
닭,농사,1
닭,노동,1
닭,폭포,1
닭,백합,1
닭,꽃,4
닭,매,1
닭,오리,2
닭,게,1
닭,까치,1
닭,원숭이,1
닭,새,2
닭,국화,2
닭,복숭아,1
닭,파초,2
닭,학,1
닭,괴석,1
닭,고양이,1
닭,수국,1
닭,개,2
닭,달,2
닭,사슴,1
닭,연꽃,1
닭,갈대,1
닭,나비,1
닭,참새,1
기러기,말,2
기러기,기마,2
기러기,당나귀,1
기러기,소,1
기러기,까치,2
기러기,학,1
기러기,농사,1
기러기,노동,1
기러기,갈대,5
기러기,달,4
기러기,개,1
기러기,모란,1
기러기,고양이,1
기러기,사슴,1
기러기,게,1
기러기,오리,1
기러기,까마귀,1
기러기,곤충,1
기러기,새,1
기러기,매,1
기러기,꽃,1
기러기,꿩,1
낚시,버드나무,1
낚시,소나무,2
낚시,폭포,2
낚시,배,1
낚시,새,1
낚시,신선,1
낚시,물짐승,1
낚시,매화,1
바위,구름,1
바위,소나무,2
바위,매화,1
바위,달,1
바위,배,2
바위,폭포,1
바위,소,1
바위,말,1
바위,매미,1
바위,개,1
바위,버드나무,1
바위,새,1
바위,괴석,1
바위,농사,1
바위,여름,1
기우,소,8
기우,말,4
기우,닭,2
기우,기마,2
기우,신선,1
기우,동자,2
기우,버드나무,2
기우,소나무,3
기우,제비,1
기우,농사,1
기우,노동,1
기우,폭포,1
기우,매화,1
기우,달,1
기우,난초,1
독서,소나무,2
독서,달,2
독서,가을,2
독서,매화,1
독서,배,1
독서,매화서옥,1
독서,괴석,1
독서,대나무,2
독서,악기,2
해,매,3
해,구름,2
해,오리,2
해,국화,1
해,새,1
해,꽃,1
해,단풍나무,1
해,소나무,1
해,호랑이,1
해,용,1
해,버드나무,1
해,폭포,1
해,괴석,1
해,말,1
해,달,1
해,기마,1
해,서예,1
갈대,기러기,5
갈대,달,6
갈대,개,2
갈대,난초,1
갈대,괴석,2
갈대,소나무,2
갈대,학,2
갈대,참새,1
갈대,대나무,1
갈대,오리,2
갈대,매,1
갈대,국화,2
갈대,연꽃,2
갈대,단풍나무,1
갈대,닭,1
갈대,파초,1
갈대,새,1
갈대,고양이,1
갈대,수국,1
갈대,사슴,1
갈대,말,1
갈대,버드나무,1
갈대,꽃,1
놀이,대나무,1
놀이,신선,2
놀이,동자,1
놀이,악기,1
놀이,버드나무,1
놀이,용,1
놀이,서예,1
놀이,괴석,1
놀이,소나무,1
물고기,물새,1
물고기,노동,1
물고기,배,1
물고기,연꽃,1
물고기,새,2
물고기,잠자리,1
물고기,곤충,1
물고기,나비,1
물고기,개구리,1
물고기,병아리,1
물고기,제비,1
물고기,꽃,1
물고기,열매,1
물고기,게,1
포도,까치,2
포도,석류,2
포도,다람쥐,2
포도,달,1
포도,대나무,2
포도,매화,2
포도,소나무,2
포도,물결,1
포도,학,2
포도,참새,1
포도,불로초,1
포도,게,1
포도,사슴,1
포도,파초,1
포도,괴석,1
포도,모란,1
포도,난초,1
포도,연꽃,1
포도,꽃,2
포도,국화,1
포도,새,1
포도,곤충,1
가을,달,1
가을,독서,2
가을,동자,1
무,나비,1
무,괴석,2
무,신선,1
무,메뚜기,1
무,구름,1
무,국화,4
무,석류,1
무,밤,3
무,난초,1
무,게,1
무,채소,1
무,인삼,1
무,연과,1
무,연꽃,1
무,가지,2
무,조개,1
무,꽃,1
무,과일,1
무,배추,2
무,소나무,1
무,모란,2
무,열매,1
매화서옥,매화,5
매화서옥,독서,1
매화서옥,배,1
매화서옥,겨울,2
파초,조개,1
파초,석류,1
파초,가지,1
파초,오이,1
파초,포도,1
파초,신선,2
파초,동자,2
파초,닭,2
파초,학,1
파초,소나무,2
파초,괴석,1
파초,새,1
파초,고양이,1
파초,국화,1
파초,수국,1
파초,개,2
파초,달,2
파초,사슴,1
파초,말,2
파초,버드나무,2
파초,연꽃,1
파초,오리,1
파초,꽃,2
파초,갈대,1
파초,제비,1
파초,나비,1
파초,참새,1
농사,소,4
농사,버드나무,3
농사,소나무,2
농사,괴석,2
농사,구름,1
농사,벼,2
농사,개,2
농사,고양이,1
농사,난초,1
농사,제비,1
농사,닭,1
농사,노동,2
농사,기우,1
농사,말,2
농사,당나귀,1
농사,까치,1
농사,기러기,1
농사,학,1
농사,기마,1
농사,매미,1
농사,새,1
농사,바위,1
농사,여름,1
서예,소나무,3
서예,괴석,3
서예,학,1
서예,사슴,1
서예,대나무,1
서예,구름,1
서예,악기,1
서예,거위,1
서예,오리,1
서예,말,1
서예,해,1
서예,달,1
서예,기마,1
서예,놀이,1
여름,버드나무,2
여름,소,2
여름,개,2
여름,배,1
여름,말,1
여름,매미,1
여름,새,1
여름,괴석,1
여름,바위,1
여름,농사,1
불로초,동자,1
불로초,악기,2
불로초,까치,1
불로초,석류,1
불로초,다람쥐,1
불로초,포도,1
불로초,달,1
불로초,대나무,2
불로초,매화,2
불로초,소나무,2
불로초,물결,1
불로초,학,1
불로초,참새,1
불로초,게,1
불로초,사슴,1
불로초,난초,1
불로초,국화,1
불로초,괴석,1
용,신선,2
용,버드나무,1
용,놀이,1
용,호랑이,1
용,해,1
용,구름,1
고양이,버드나무,2
고양이,소나무,2
고양이,괴석,3
고양이,구름,1
고양이,벼,1
고양이,개,5
고양이,난초,1
고양이,농사,1
고양이,나비,1
고양이,국화,3
고양이,모란,2
고양이,사슴,3
고양이,게,1
고양이,오리,2
고양이,까마귀,1
고양이,곤충,1
고양이,새,3
고양이,매,1
고양이,꽃,2
고양이,기러기,1
고양이,꿩,1
고양이,까치,1
고양이,참새,1
고양이,원숭이,1
고양이,매화,1
고양이,말,2
고양이,달,2
고양이,복숭아,1
고양이,제비,1
고양이,백로,1
고양이,닭,1
고양이,파초,1
고양이,학,1
고양이,수국,1
고양이,연꽃,1
고양이,갈대,1
곤충,괴석,1
곤충,잠자리,1
곤충,연꽃,1
곤충,꽃,4
곤충,개,1
곤충,모란,1
곤충,고양이,1
곤충,사슴,1
곤충,게,1
곤충,오리,1
곤충,까마귀,1
곤충,새,2
곤충,매,1
곤충,기러기,1
곤충,꿩,1
곤충,까치,1
곤충,물고기,1
곤충,나비,1
곤충,개구리,1
곤충,병아리,1
곤충,제비,1
곤충,열매,1
곤충,신선,1
곤충,구름,1
곤충,악기,1
곤충,포도,1
곤충,다람쥐,1
봄,버드나무,1
봄,배,1
봄,폭포,1
봄,소나무,1
봄,인왕산,1
제비,소나무,1
제비,버드나무,2
제비,소,1
제비,닭,2
제비,농사,1
제비,노동,1
제비,기우,1
제비,매화,2
제비,새,3
제비,난초,1
제비,연꽃,1
제비,백합,1
제비,작약,1
제비,꽃,3
제비,곤충,1
제비,물고기,1
제비,나비,2
제비,개구리,1
제비,병아리,1
제비,열매,1
제비,참새,2
제비,국화,1
제비,원숭이,1
제비,고양이,1
제비,말,2
제비,괴석,1
제비,달,2
제비,개,3
제비,사슴,1
제비,복숭아,1
제비,백로,1
제비,파초,1
석류,조개,1
석류,가지,1
석류,오이,1
석류,파초,1
석류,까치,2
석류,다람쥐,1
석류,포도,2
석류,달,1
석류,대나무,2
석류,매화,2
석류,소나무,2
석류,물결,1
석류,학,2
석류,참새,1
석류,불로초,1
석류,게,1
석류,사슴,1
석류,국화,2
석류,무,1
석류,밤,1
석류,괴석,1
석류,모란,1
석류,난초,1
석류,연꽃,1
석류,꽃,1
석류,새,1
원숭이,소나무,2
원숭이,승려,2
원숭이,매,1
원숭이,오리,1
원숭이,게,1
원숭이,까치,1
원숭이,닭,1
원숭이,새,2
원숭이,꽃,1
원숭이,국화,2
원숭이,복숭아,2
원숭이,참새,1
원숭이,고양이,1
원숭이,매화,1
원숭이,말,1
원숭이,괴석,1
원숭이,달,1
원숭이,개,2
원숭이,사슴,1
원숭이,제비,1
원숭이,백로,1
인왕산,봄,1
가지,조개,2
가지,석류,1
가지,오이,1
가지,파초,1
가지,모란,2
가지,무궁화,1
가지,매화,1
가지,나비,1
가지,붓꽃,1
가지,장미,1
가지,배꽃,1
가지,꽃,2
가지,난초,1
가지,게,1
가지,채소,1
가지,인삼,1
가지,연과,1
가지,연꽃,1
가지,무,2
가지,국화,1
가지,괴석,1
가지,과일,1
가지,밤,1
가지,배추,1
가지,열매,1
밤,석류,1
밤,국화,2
밤,무,3
밤,소나무,1
밤,모란,2
밤,가지,1
밤,배추,1
밤,열매,1
승려,원숭이,2
승려,소나무,2
물새,물결,1
물새,물고기,1
물새,노동,1
물새,배,2
물새,소,1
꿩,토끼,1
꿩,매,2
꿩,소나무,1
꿩,폭포,1
꿩,까치,2
꿩,개,1
꿩,모란,1
꿩,고양이,1
꿩,사슴,1
꿩,게,1
꿩,오리,1
꿩,까마귀,1
꿩,곤충,1
꿩,새,1
꿩,꽃,1
꿩,기러기,1
꿩,겨울,1
호랑이,소나무,1
호랑이,말,1
호랑이,사슴,1
호랑이,학,1
호랑이,소,1
호랑이,괴석,1
호랑이,기마,1
호랑이,용,1
호랑이,해,1
나무,소나무,2
나무,폭포,1
백로,새,2
백로,매,1
백로,오리,1
백로,학,1
백로,연꽃,1
백로,참새,1
백로,국화,1
백로,원숭이,1
백로,고양이,1
백로,매화,1
백로,말,1
백로,괴석,1
백로,달,1
백로,개,2
백로,사슴,1
백로,복숭아,1
백로,제비,1
잠자리,괴석,1
잠자리,연꽃,2
잠자리,꽃,1
잠자리,곤충,1
잠자리,국화,1
잠자리,새,1
잠자리,물고기,1
토끼,매,3
토끼,소나무,1
토끼,폭포,2
토끼,꿩,1
토끼,까치,1
토끼,괴석,2
염소,신선,2
염소,동자,1
염소,사슴,1
염소,인물,1
염소,달,1
염소,악기,1
염소,물결,1
염소,당나귀,1
복숭아,신선,1
복숭아,동자,1
복숭아,매,1
복숭아,오리,1
복숭아,게,1
복숭아,까치,1
복숭아,닭,1
복숭아,원숭이,2
복숭아,새,2
복숭아,꽃,1
복숭아,국화,2
복숭아,참새,1
복숭아,고양이,1
복숭아,매화,1
복숭아,말,1
복숭아,괴석,1
복숭아,달,1
복숭아,개,2
복숭아,사슴,1
복숭아,제비,1
복숭아,백로,1
백합,매화,1
백합,새,1
백합,난초,1
백합,연꽃,1
백합,작약,1
백합,제비,1
백합,꽃,1
백합,닭,1
매미,나비,1
매미,모란,1
매미,등나무,1
매미,꽃,1
매미,소,1
매미,말,1
매미,개,1
매미,버드나무,1
매미,새,1
매미,괴석,1
매미,바위,1
매미,농사,1
매미,여름,1
박쥐,신선,2
박쥐,개구리,1
단풍나무,해,1
단풍나무,오리,2
단풍나무,국화,2
단풍나무,새,1
단풍나무,꽃,1
단풍나무,개,1
단풍나무,난초,1
단풍나무,괴석,1
단풍나무,소나무,1
단풍나무,학,1
단풍나무,참새,1
단풍나무,대나무,1
단풍나무,갈대,1
단풍나무,달,1
단풍나무,매,1
단풍나무,연꽃,1
개구리,신선,1
개구리,박쥐,1
개구리,곤충,1
개구리,물고기,1
개구리,나비,1
개구리,새,1
개구리,병아리,1
개구리,제비,1
개구리,꽃,1
개구리,열매,1
메뚜기,참새,1
메뚜기,매화,1
메뚜기,나비,1
메뚜기,괴석,1
메뚜기,신선,1
메뚜기,구름,1
메뚜기,국화,1
메뚜기,무,1
거위,소나무,1
거위,서예,1
거위,신선,1
거위,동자,1
거위,매화,1
벼,버드나무,1
벼,소나무,1
벼,괴석,1
벼,구름,1
벼,개,1
벼,고양이,1
벼,난초,1
벼,농사,2
두꺼비,신선,1
두꺼비,방아깨비,1
열매,곤충,1
열매,물고기,1
열매,나비,1
열매,새,1
열매,개구리,1
열매,병아리,1
열매,제비,1
열매,꽃,1
열매,모란,1
열매,가지,1
열매,밤,1
열매,무,1
열매,배추,1
다람쥐,까치,1
다람쥐,석류,1
다람쥐,포도,2
다람쥐,달,1
다람쥐,대나무,1
다람쥐,매화,1
다람쥐,소나무,1
다람쥐,물결,1
다람쥐,학,1
다람쥐,참새,1
다람쥐,불로초,1
다람쥐,게,1
다람쥐,사슴,1
다람쥐,꽃,1
다람쥐,곤충,1
배추,무,2
배추,모란,1
배추,가지,1
배추,밤,1
배추,열매,1
조개,석류,1
조개,가지,2
조개,오이,1
조개,파초,1
조개,난초,1
조개,게,1
조개,채소,1
조개,인삼,1
조개,연과,1
조개,연꽃,1
조개,무,1
조개,국화,1
조개,괴석,1
조개,꽃,1
조개,과일,1
수국,닭,1
수국,파초,1
수국,학,1
수국,소나무,1
수국,괴석,1
수국,새,1
수국,고양이,1
수국,국화,1
수국,개,1
수국,달,1
수국,사슴,1
수국,말,1
수국,버드나무,1
수국,연꽃,1
수국,오리,1
수국,꽃,1
수국,갈대,1
방아깨비,두꺼비,1
물짐승,신선,1
물짐승,낚시,1
물짐승,매화,1
불보살,학,1
사냥,말,1
사냥,기마,1
병아리,곤충,1
병아리,물고기,1
병아리,나비,1
병아리,새,1
병아리,개구리,1
병아리,제비,1
병아리,꽃,1
병아리,열매,1
인삼,난초,1
인삼,게,1
인삼,채소,1
인삼,연과,1
인삼,연꽃,1
인삼,가지,1
인삼,무,1
인삼,국화,1
인삼,괴석,1
인삼,조개,1
인삼,꽃,1
인삼,과일,1
연과,난초,1
연과,게,1
연과,채소,1
연과,인삼,1
연과,연꽃,1
연과,가지,1
연과,무,1
연과,국화,1
연과,괴석,1
연과,조개,1
연과,꽃,1
연과,과일,1
과일,난초,1
과일,게,1
과일,채소,1
과일,인삼,1
과일,연과,1
과일,연꽃,1
과일,가지,1
과일,무,1
과일,국화,1
과일,괴석,1
과일,조개,1
과일,꽃,1
까마귀,개,1
까마귀,모란,1
까마귀,고양이,1
까마귀,사슴,1
까마귀,게,1
까마귀,오리,1
까마귀,곤충,1
까마귀,새,1
까마귀,매,1
까마귀,꽃,1
까마귀,기러기,1
까마귀,꿩,1
까마귀,까치,1
채소,난초,1
채소,게,1
채소,인삼,1
채소,연과,1
채소,연꽃,1
채소,가지,1
채소,무,1
채소,국화,1
채소,괴석,1
채소,조개,1
채소,꽃,1
채소,과일,1
목련,모란,1
목련,새,1
귀신,신선,1
귀신,소나무,1
귀신,폭포,1
인물,신선,1
인물,동자,1
인물,사슴,1
인물,염소,1
인물,달,1
인물,악기,1
작약,매화,1
작약,새,1
작약,난초,1
작약,연꽃,1
작약,백합,1
작약,제비,1
작약,꽃,1
오이,조개,1
오이,석류,1
오이,가지,1
오이,파초,1
복숭아나무,소나무,1
복숭아나무,배,1
고슴도치,나비,1
고슴도치,대나무,1
고슴도치,새,1
고슴도치,꽃,1
고슴도치,난초,1
고슴도치,당나귀,1
뱀,신선,1
등나무,나비,1
등나무,매미,1
등나무,모란,1
등나무,꽃,1
무궁화,모란,1
무궁화,매화,1
무궁화,나비,1
무궁화,붓꽃,1
무궁화,장미,1
무궁화,가지,1
무궁화,배꽃,1
무궁화,꽃,1
붓꽃,모란,1
붓꽃,무궁화,1
붓꽃,매화,1
붓꽃,나비,1
붓꽃,장미,1
붓꽃,가지,1
붓꽃,배꽃,1
붓꽃,꽃,1
장미,모란,1
장미,무궁화,1
장미,매화,1
장미,나비,1
장미,붓꽃,1
장미,가지,1
장미,배꽃,1
장미,꽃,1
배꽃,모란,1
배꽃,무궁화,1
배꽃,매화,1
배꽃,나비,1
배꽃,붓꽃,1
배꽃,장미,1
배꽃,가지,1
배꽃,꽃,1